{"nodes": {"0": ["1.5", "4.7"], "1": ["4.5", "3.9"], "2": ["5.7", "5.3"], "3": ["4.9", "6.3"], "4": ["3.3", "4.6"]}, "edges": {"0": [4, 0, 89.20201791439474], "1": [4, 3, 120.24142381059865], "2": [3, 2, 64.40496875241847], "3": [2, 1, 92.19544457292888], "4": [1, 4, 70.32780389006896]}, "PICKUP_DELIVERIES": {"0": [2, 3, 1], "1": [4, 0, 2]}, "depot": "4"}