{
    "nodes": 
    {
        "0": ["4.3", "4.8"], 
        "1": ["1.5", "4.7"], 
        "2": ["2.8", "4.9"], 
        "3": ["3.2", "4.2"], 
        "4": ["3.9", "2.8"], 
        "5": ["5.0", "3.4"], 
        "6": ["5.6", "4.6"], 
        "7": ["6.3", "4.8"], 
        "8": ["5.6", "5.9"], 
        "9": ["5.8", "6.9"], 
        "10": ["3.6", "5.3"], 
        "11": ["4.0", "6.8"], 
        "12": ["5.1", "8.0"], 
        "13": ["3.8", "7.4"], 
        "14": ["5.1", "6.9"], 
        "15": ["4.9", "6.2"], 
        "16": ["4.7", "5.5"]
    }, 
    "edges": 
    {
        "0": [0, 7, 135.20724832641184], 
        "1": [7, 1, 38.600518131237564], 
        "2": [1, 4, 53.03772242470448], 
        "3": [4, 3, 52.478567053607705], 
        "4": [3, 8, 178.96647730790255], 
        "5": [0, 8, 156.51836952894698], 
        "6": [8, 6, 64.00781202322104], 
        "7": [6, 2, 138.0507153186828], 
        "8": [2, 5, 132.06059215375342], 
        "9": [5, 9, 178.76520914316635],
        "10" : [0,9,25],
        "11" : [9,10,200],
        "12" : [10,16,100],
        "13" : [16,14,30],
        "14" : [14,12,150],
        "15" : [0,12,100],
        "16" : [12,11,25],
        "17" : [11,15,50],
        "18" : [15,13,125],
        "19" : [13,7,100],
        "21" : [7,6,30],
        "22" : [7,3,10]
    }, 
    "depot": "0",

    "PICKUP_DELIVERIES": 
    {
        "1": [1, 6, 1], 
        "2": [2, 10, 2], 
        "3": [4, 3, 3], 
        "4": [5, 9, 1], 
        "5": [7, 8, 2], 
        "6": [11, 15, 3], 
        "7": [13, 14, 1], 
        "": [16, 12, 4]
    }
    }