{
    "nodes": 
    {
        "0": ["2.8", "4.6"], 
        "1": ["3.4", "5.5"], 
        "2": ["4.4", "4.9"],
         "3": ["5.7", "5.7"], 
         "4": ["3.5", "3.8"], 
         "5": ["4.7", "3.4"], 
         "6": ["5.6", "4.0"], 
         "7": ["4.4", "4.5"]
        }, 
    "edges": 
    {
        "0": [0, 1, 54.20332093147061], 
        "1": [1, 2, 57.8013840664737], 
        "2": [2, 3, 76.8505042273634], 
        "3": [0, 4, 56.586217403180434], 
        "4": [4, 7, 55.0], 
        "5": [7, 6, 64.07807737440318], 
        "6": [6, 5, 52.15361924162119], 
        "7": [3, 5, 126.31706139710502], 
        "8": [5, 4, 62.297672508690084]
    },
    "depot": "0",
    "PICKUP_DELIVERIES": 
    {
        "0": [2, 3, 1],
        "1": [6, 5, 3]
    }
    
   
}